PTC 7k00 E.coli,PTC 8cg8 S.cerevesae,PTC 8qoi H.sapiens,PTC 6xu6 D.melanogaster,Decoding Center 7k00 E.coli,Decoding Center 8cg8 S.cerevesae,Decoding Center 8qoi H.sapiens,Decoding Center 6xu6 D.melanogaster,
A2058,A2400,G3904,G2778,G530,G577,G752,G806
A2059,A2401,A3905,A2779,A695,A906,A963,A993
A2060,A2402,A3906,A2780,A787,A998,A1055,A1085
G2061,G2403,G3907,G2781,U788,U999,U1056,U1086
A2062,A2404,A3908,A2782,A790,A1001,A1058,A1088
C2063,C2405,C3909,C2783,G791,G1002,G1059,G1089
G2252,G2620,G4197,G3152,A792,A1003,A1060,A1090
G2253,G2621,G4198,G3153,C795,C1006,C1063,C1093
G2447,G2816,G4393,G3348,C936,C1161,C1218,C1249
A2450,A2819,A4396,A3351,G944,G1169,G1226,G1257
A2451,A2820,A4397,A3352,U956,U1181,U1238,U1269
C2452,C2821,C4398,C3353,A958,A1183,A1240,A1271
A2453,U2822,U4399,U3354,A959,A1184,A1241,A1272
U2492,U2861,U4438,U3393,U960,U1185,U1242,U1273
C2501,5MC2870,5MC4447,C3402,U1052,U1272,U1329,U1359
U2506,U2875,U4452,U3407,G1053,G1273,G1330,G1360
C2507,C2876,C4453,C3408,C1054,C1274,C1331,C1361
G2553,OMG2922,OMG4499,G3454,A1227,A1183,A1522,A1652
C2556,C2925,C4502,C3457,G1338,G7M1575,G7M1639,G1767
G2574,G2943,G4520,G3474,A1339,A1576,A1640,A1768
C2575,U2944,PSU4521,U3475,U1341,U1578,U1642,U1770
U2584,U2953,UR4530,U3484,G1379,G1616,G1680,G1808
U2585,U2954,U4531,U3485,C1382 ,C1619,C1683,C1811
A2602,A2971,A4548,A3502,A1492,A1755,A1824,A1950
C2611,U2980,U4557,U3511,A1493 ,A1756,A1825,A1951
